source,page,index,xref,file,duplicate_of,heading,width,height,sha256
full188,1,1,198,full188-p001-img01-MALI-VE-HUKUK-DANISMANLIK-LIMITED-SIRKETI-INGILTER.jpeg,,MALİ VE HUKUK DANIŞMANLIK LİMİTED ŞİRKETİ – İNGİLTERE,105,105,2f039badf51e6dc5aad89f25dc4ead7c5e058adac9840e31f1180fc7333a96bf
full188,1,2,201,full188-p001-img02-MALI-VE-HUKUK-DANISMANLIK-LIMITED-SIRKETI-INGILTER.jpeg,,MALİ VE HUKUK DANIŞMANLIK LİMİTED ŞİRKETİ – İNGİLTERE,583,265,e96d670b3119a584a8d4b7e17f381243be40482a687b9e737cc52838feca314a
full188,2,1,216,full188-p002-img01-Calisanlarimizin-gelisimine-onem-veriyoruz.jpeg,,Çalışanlarımızın gelişimine önem veriyoruz,325,253,34bd350cfe88e15a6ed7b2121edfaa492c9e30786cff4308c4cc26c57e5efbcf
full188,3,1,223,full188-p003-img01-Degerlerimiz.jpeg,,Değerlerimiz,567,420,303046110110334297ef038bef1e2fe758e7860f56b14067500922285bc722e2
full188,4,1,230,full188-p004-img01-Sektorler.jpeg,,Sektörler,614,372,c5ebe501312b2a53f38885edbe8b960af11926b22f0aeeac0071160b7dd9973d
full188,5,1,233,full188-p005-img01-Sektorler.jpeg,,Sektörler,75,75,283099dfacf7649e80545316bcb68a86343cd11ff23679c15ebac1678b092991
full188,5,2,235,full188-p005-img02-Sektorler.jpeg,,Sektörler,75,75,471352f0449262146e38132d820311415d1d1365e046bdde0b5ebbc7b42af47a
full188,5,3,237,full188-p005-img03-Sektorler.jpeg,,Sektörler,75,75,a737a46e63d49d159af9cee47a0d40c5d9fbcd1ec2537fe108ac4883109ffbfa
full188,5,4,239,full188-p005-img04-Sektorler.jpeg,,Sektörler,75,75,6ecc0efb54d557dad0ab07d8895916e7271626a8992bf815882d7565739944a8
full188,5,5,241,full188-p005-img05-Sektorler.jpeg,,Sektörler,75,75,9900eaaff9ca898b12067581ad52bb375897283bcc4d73982a8b6d6ad99b046a
full188,5,6,243,full188-p005-img06-Sektorler.jpeg,,Sektörler,75,75,0c320a01e56b51b2b22bd7600dc45f1dea276b41f471257d2ed2e76bc0ee8d53
full188,5,7,245,full188-p005-img07-Sektorler.jpeg,,Sektörler,75,75,b44cf720c1f0dc80a7becbb2f21e9bdc2fec679615272ce13e7c286c4efbfc6b
full188,5,8,247,full188-p005-img08-Sektorler.jpeg,,Sektörler,75,75,09535261383383985d26c4b4fb328622f6c5caa20da6e94ec0b3bf4b81b7e77e
full188,6,1,250,full188-p006-img01-Hizmetler.jpeg,,Hizmetler,582,432,6d0d0f4ca8658e487ef54c6f614656efe58dc8ee06bbdd1c85e3bac599234b20
full188,7,1,253,full188-p007-img01-Vergi-Incelemeleri.jpeg,,Vergi İncelemeleri,489,367,1c9a3daf7409b5e2067702df0c730db940a03a8b3d0f2cf0cdf37f7a71f9b06b
full188,8,1,256,full188-p008-img01-Vergi-incelemeleri-konusunda-size-nasil-yardimci-o.jpeg,,Vergi incelemeleri konusunda size nasıl yardımcı olabiliriz?,797,354,a61e00f6b596255a681e2b58538f98a2ff3df19020f1b7ea3b11c250a9da9318
full188,9,1,259,full188-p009-img01-Bagimsiz-ve-Ozel-Amacli-Denetim.jpeg,,Bağımsız ve Özel Amaçlı Denetim,617,337,0709bc28284a2c9072e1007c6798b258d2c0218f3f6da0d53f22362bce454f55
full188,10,1,262,full188-p010-img01-Suiistimal-Onleme-ve-Inceleme.jpeg,,Suiistimal Önleme ve İnceleme,504,326,abcb29910226f79e70c740d2395e062943375941c3b906c3716ee3f5add795a0
full188,11,1,265,full188-p011-img01-SUIISTIMAL-RISK-YONETIMI.jpeg,,SUİİSTİMAL RİSK YÖNETİMİ,619,382,cdb2837aab63abac48849e1a1ace70583110074a6d5b6646d638454ce8404dee
full188,12,1,268,full188-p012-img01-KARA-PARA-AKLAMANIN-ONLENMESI.jpeg,,KARA PARA AKLAMANIN ÖNLENMESİ,793,467,cf50d93e96e5254956e953dfa6de700fc60d2ee62ef9bc465cb8bd4e3d768bbd
full188,13,1,275,full188-p013-img01-SUIISTIMAL-INCELEMELERI.jpeg,,SUİİSTİMAL İNCELEMELERİ,609,510,e25d0e251002af4dacf4bd7ec92c929126a0ae98038b6c9c1953bb7dae3b2c4d
full188,14,1,278,full188-p014-img01-KURUMSAL-ARASTIRMALAR.jpeg,,KURUMSAL ARAŞTIRMALAR,579,406,e965806c017f63138c81a629a705c61bf894258d5fa654fd63deec504952d76b
full188,15,1,281,full188-p015-img01-UYUSMAZLIK-DANISMANLIGI.jpeg,,UYUŞMAZLIK DANIŞMANLIĞI,415,334,dada82892591af8da18640c96e33a89cc3d31adfe7e94f13a618631bf382a6fa
full188,16,1,284,full188-p016-img01-SUIISTIMAL-ONLEMEDE-BILISIM.jpeg,,SUİİSTİMAL ÖNLEMEDE BİLİŞİM,939,423,a20c0f73ccbee8c2274db0d02b072386aa0199daab5bca0518b1b74ad716be28
full188,17,1,287,full188-p017-img01-FIKIR-HAKLARI-ve-SOZLESME-UYGUNLUGU.jpeg,,FİKİR HAKLARI ve SÖZLEŞME UYGUNLUĞU,378,615,dc681a8ff949880c76c7b62e1721fc4be73a33833dfbac70507f368fae765946
full188,18,1,290,full188-p018-img01-Ic-Denetim-Risk-ve-Mevzuat-Uyum.jpeg,,"İç Denetim, Risk ve Mevzuat Uyum",368,150,c1031816a2dddcf71f2a49fd71b5d7521d99d0dee62f15e4d5e236a9d7a9f6c0
full188,19,1,293,full188-p019-img01-Ic-Denetime-Disaridan-Destek-Saglanmasi.jpeg,,İç Denetime Dışarıdan Destek Sağlanması,641,388,37c1f02d68e5dff85523187ce0b76926b25c4e842217f0dfdca7bc1f25e47653
full188,20,1,296,full188-p020-img01-Ic-Denetim-Hizmetinin-Disaridan.jpeg,,İç Denetim Hizmetinin Dışarıdan,384,202,4d94fd4c9a935ab57aa292344ada14ddbc948766dc05901b54443e099fb2974e
full188,21,1,299,full188-p021-img01-Sarbanes-Oxley-Madde-404.jpeg,,Sarbanes-Oxley Madde 404,724,572,bdde95bb04503a514fba5822afc7e61bf8b6ede7163994e3512d2c8d1f027ebe
full188,22,1,304,full188-p022-img01-Duzgun-bir-gecis.jpeg,,Düzgün bir geçiş,489,186,4c3a3f3cbacb68ef8dd1e64ddd0b68ce1c98883e847ff88ca84e08f52fd16de7
full188,23,1,307,full188-p023-img01-Uyum-Yolculugu.jpeg,,Uyum Yolculuğu,450,561,6a3cb2cd9d2fee98ee3ddf00cd92604d8a96da512bd13889d5b58036f9b6cd50
full188,24,1,310,full188-p024-img01-ORNEK-OLAY-INCELEMESI.jpeg,,ÖRNEK OLAY İNCELEMESİ,184,269,c793901a7a80e1a019979ef064e65769c69934754e71b7ff62dd66feba595041
full188,25,1,313,full188-p025-img01-Denetim-Hizmetleri.jpeg,,Denetim Hizmetleri,289,127,182f7b24e11a01d6a4e29eee6567486514cc4d7b670101c66c0ab00ea3c0e4b1
full188,26,1,316,full188-p026-img01-Yatirim-Danismanligi-Hizmetleri.jpeg,,Yatırım Danışmanlığı Hizmetleri,398,347,c6bbc3954003c184647eaaaf06ec13b3e026c7536e14881c7f42b8ccb0e61bda
full188,27,1,319,full188-p027-img01-Yatirim-Danismanligi.jpeg,,Yatırım Danışmanlığı,480,536,a757e7f2b2afb11c46925940c40de2b27ef915e7168c604f299bf094af6c9290
full188,28,1,322,full188-p028-img01-Alici-Taraf-Yatirim-Hizmetleri.jpeg,,Alıcı Taraf Yatırım Hizmetleri,420,275,3152220d6c0b755d53d9ba6cc6e582bb35bc848b02dbb75d2a71e3bf88a9d9ea
full188,29,1,325,full188-p029-img01-Satici-Taraf-Yatirim-Hizmetleri.jpeg,,Satıcı Taraf Yatırım Hizmetleri,258,203,5884886f1e0e61180a7b4736dbbb626911a4ff1b2a6faaee0b6c56db51c0ed0e
full188,30,1,331,full188-p030-img01-Muhasebe-Danismanlik.jpeg,,Muhasebe Danışmanlık,388,306,a931bf2eb03b932003a7786704b508ccd3e2b235af753f4df153f95a7152d231
full188,31,1,334,full188-p031-img01-Finans-fonksiyonunun-gelistirilmesi.jpeg,,Finans fonksiyonunun geliştirilmesi,460,373,9fc487f820252e0a6a0dfe5c4979bc9ba8ec3f649b9de152d1f52c5047bc0d56
full188,32,1,337,full188-p032-img01-Tetikleyici-Hususlar.jpeg,,Tetikleyici Hususlar,400,300,b39d6c0ac07936d9eacc2aff8b62c6b55fa056ef0f4033c2f37b3ce2850d0cae
full188,33,1,340,full188-p033-img01-Hizmet-Alanlarimiz.jpeg,,Hizmet Alanlarımız:,483,395,f09ca795491357bed85669cfc011dc66d67497f2d3247659ad40e68609af17b0
full188,34,1,343,full188-p034-img01-Butceleme-ve-uzun-vadeli-planlama.jpeg,,Bütçeleme ve uzun vadeli planlama,409,125,4124e0e7e6bb8cf012c9aa5b442774b8f5fb26128046df2d825f33456dac80eb
full188,35,1,346,full188-p035-img01-Global-Donusturme-Hizmetleri-Yetkinliklerimiz.jpeg,,Global Dönüştürme Hizmetleri-Yetkinliklerimiz,605,322,d7e8774e2435ec5423365a44d4bff10f8dab18bfd4851e7420e83b05d98624d7
full188,36,1,349,full188-p036-img01-Global-Donusturme-Hizmetleri-Yaklasimimiz.jpeg,,Global Dönüştürme Hizmetleri-Yaklaşımımız,593,279,06a4549089279b69ea5536c41f118c2fdf8fba69e1080c500386e68aad013871
full188,37,1,352,full188-p037-img01-Kuresel-Donusturme-Hizmetlerinden.jpeg,,Küresel Dönüştürme Hizmetlerinden,941,486,9d1f4982382bceff306c60e696d0a3ec0224f7832bb0988ae5be834f5c5ffe7f
full188,38,1,355,full188-p038-img01-Yeniden-Yapilandirma.jpeg,,Yeniden Yapılandırma,440,323,ba5a56fd4e8b00f9993b804e8ecbf932eed60a002f6ff2bec7f3d86da2263ae2
full188,39,1,358,full188-p039-img01-K-rlilik-Artiriminin-Planlanmasi-ve-Uygulanmasi.jpeg,,Kârlılık Artırımının Planlanması ve Uygulanması,930,311,2d7397a87a8daccef83d88a179a701281cf08b525a1c3f914a747f7a7c576df7
full188,40,1,361,full188-p040-img01-Kurumsal-Finansal-Yeniden-Yapilandirma.jpeg,,Kurumsal Finansal Yeniden Yapılandırma,395,260,fc65a211b02b1c1f93a55a34679110e3b25c8623e5e48ea33ea117b2093e2f1e
full188,41,1,364,full188-p041-img01-Operasyon-el-Yeniden-Yapilandirma.jpeg,,Operasyon el Yeniden Yapılandırma,450,338,984d80b6b4de8067e0ad3cf2138f110290acd25d03d0a01ea485d0df31e8f6d5
full188,42,1,368,full188-p042-img01-Borc-veren-kuruluslara-danismanlik.jpeg,,Borç veren kuruluşlara danışmanlık,416,304,ded250a782ad7d9b919c0cdd9fcc3fa79d827d39c1a7c9d532f6aef8aa7d4051
full188,43,1,371,full188-p043-img01-Isletme-Performans-Hizmetleri.jpeg,,İşletme Performans Hizmetleri,498,375,89b8c90afe6ac018afd9588ad722db395dc1610f0b6a6e301e931372f5744041
full188,44,1,374,full188-p044-img01-Finans-fonksiyonu-etkinligi.jpeg,,Finans fonksiyonu etkinliği,534,392,2cd94a79e62e8ccef28ab83bb5e3d4e18239eb810bfcf7e1d3034250b55d86fa
full188,45,1,377,full188-p045-img01-size-yardimci-olabilirler.jpeg,,size yardımcı olabilirler:,250,170,64059ff8c682a4088ffb067a0a638c9dd0df8fbacde48f1116206f12e1bd9e3e
full188,46,1,380,full188-p046-img01-Bilgi-Teknolojileri-Etkinligi.jpeg,,Bilgi Teknolojileri Etkinliği,398,268,1de523b902af2cffd26b4d46317a365cd81f69ac86b183c54cca3a2b723eb1e6
full188,47,1,383,full188-p047-img01-Kurumsal-Danismanlik-Hizmetleri.jpeg,,Kurumsal Danışmanlık Hizmetleri,565,369,73d1c4675ad3faae1070ef823a348aea557e427a4e842b0e59dcc461874ccfe1
full188,48,1,386,full188-p048-img01-Finans-ve-Performans-Yonetimi.jpeg,,Finans ve Performans Yönetimi,459,322,ca4f3d5983a22c3bbee5eb566d1a3b440b90154fad74fd929d846f60c4b42f6b
full188,49,1,389,full188-p049-img01-Sirkete-Saglanan-Faydalar.jpeg,,Şirkete Sağlanan Faydalar,561,391,e2533b746211458ecb9bdec36bd1d6eed459be91c969a17f0f522cff8bd3cd32
full188,50,1,392,full188-p050-img01-Tedarik-Zinciri-Yonetimi.jpeg,,Tedarik Zinciri Yönetimi,468,340,d6f01b523707083e2c3db576b79f821b6709d61294bf8cc3bb59f00483b105dc
full188,51,1,395,full188-p051-img01-Tedarik-Zinciri-Optimizasyonu.jpeg,,Tedarik Zinciri Optimizasyonu,485,304,81756e89d297ab7af841de24fff4f60575d12c563029e5c7803b53e9071c26be
full188,52,1,398,full188-p052-img01-Musteri-Performans-Yonetimi.jpeg,,Müşteri Performans Yönetimi,552,435,c045f594145d1a476306fcc8073f9aecb51345406cb348d2d6d70e732373f181
full188,53,1,401,full188-p053-img01-Tahsil-Edilemeyen-Kredi-Alacaklarinda.jpeg,,Tahsil Edilemeyen Kredi Alacaklarında,840,630,427de2112a36e44b05518e214eb46c9a57c2828d1b32cfd1d3c0875de54fa2ce
full188,54,1,404,full188-p054-img01-Islem-Sonrasi-Cozumler.jpeg,,İşlem-Sonrası Çözümler,517,409,8ed7d373db9fbef688d6389da31ff5d706563f2808bb3aacb411723c71ec4183
full188,55,1,407,full188-p055-img01-Satin-Alma-ve-Birlesme-Hizmetleri.jpeg,,Satın Alma ve Birleşme Hizmetleri,541,427,40e938b1f0060e5bd4ebc4eadf0182dfa21841d36e7069c02b95caa30c3b0bc5
full188,56,1,410,full188-p056-img01-Islem-Tecrubesi-Projenin-ilk-dusunce-asamasindan-p.jpeg,,İşlem Tecrübesi – Projenin ilk düşünce aşamasından proje bitimine /,533,382,2e6f2cda31064d57e82d04bb69e1000b6d9530e27f615efbb8ac46925ea0c01b
full188,57,1,413,full188-p057-img01-Degerleme-ve-Modelleme-Hizmetleri.jpeg,,Değerleme ve Modelleme Hizmetleri,620,261,8731c4db03a65b0667a7760716da16177e1ba250676eb884cc140bc70e699c4e
full188,58,1,416,full188-p058-img01-Proje-Finansmani.jpeg,,Proje Finansmanı,620,413,b11d3b7aeff3f8794fe5975aa61859688286d3c68c9610bede23c144b6b550e9
full188,59,1,419,full188-p059-img01-Gayrimenkul.jpeg,,Gayrimenkul,604,376,7da6ac6f781ae39b15f7c879ec943500f39f742ce1b8eec65ca445a2732dcdc0
full188,60,1,422,full188-p060-img01-Alici-Sirketlere-Satin-Alma-Oncesi-Durum-Tespiti.jpeg,,Alıcı Şirketlere: Satın Alma Öncesi Durum Tespiti,672,504,8703450a97544dfaa041808174587a265d14659d21b70a64ce59ff487a18f655
full188,61,1,425,full188-p061-img01-Satilacak-Sirketlere-Danismanlik-Hizmetleri.jpeg,,Satılacak Şirketlere Danışmanlık Hizmetleri,597,503,c25f6bf1e45677fe37ee5283ffd1fbd416514ac2d90854aeb51853710453e184
full188,62,1,429,full188-p062-img01-Satilacak-Sirkette-Durum-Tespiti-Calismasi.jpeg,,Satılacak Şirkette Durum Tespiti Çalışması:,670,366,ad38f2e6e3bed7612789c8d34be560a823c4af8fe3255c85be2718d01fb6ca01
full188,63,1,432,full188-p063-img01-Deger-Yaratmak-Satilacak-Sirkette-Durum-Tespiti-ca.jpeg,,Değer Yaratmak: 'Satılacak Şirkette Durum Tespiti' çalışması satılan firmayı işlem,436,125,2525631f66e50b6aca91a53c47a9dec93e718fedcc1dbbbbb053f241daf7696f
full188,64,1,435,full188-p064-img01-Tahsil-Edilemeyen-Kredi-Alacaklarinda.jpeg,,Tahsil Edilemeyen Kredi Alacaklarında,620,465,9199f273df68eabedd5bd07cb0a499b2762e6db3e2cccf0d38577492a1e37317
full188,65,1,438,full188-p065-img01-Islem-Sonrasi-Cozumler.jpeg,,İşlem-Sonrası Çözümler,507,367,8602c2138a24f05cba2b9c2f6150e633e29bd2910f24c65f1ae226a1eb90fde3
full188,66,1,441,full188-p066-img01-Satin-Alma-ve-Birlesme-Hizmetleri.jpeg,,Satın Alma ve Birleşme Hizmetleri,450,331,62e7ece6cfc6ff0a580b370d67e3a0be1f7385899622b1ddc948f39fd8459d56
full188,67,1,444,full188-p067-img01-Islem-tecrubesi-Projenin-ilk-dusunce-asamasindan-p.jpeg,,İşlem tecrübesi – Projenin ilk düşünce aşamasından proje bitimine /,620,413,a5e2f0036d74e392380303fc692d851de611354ace0554c0ec7f2143fa8cb11d
full188,68,1,447,full188-p068-img01-Degerleme-ve-Modelleme-Hizmetleri.jpeg,,Değerleme ve Modelleme Hizmetleri,480,307,6c74359e18c6ffcc92853a8439de160f118021bee4eda05a250f74941472900c
full188,69,1,450,full188-p069-img01-Proje-Finansmani.jpeg,,Proje Finansmanı,620,349,33689c95461e4b7d6ea219060cb8eed854098d25078a6dd9ed3c1cb957f4d331
full188,76,1,471,full188-p076-img01-Finansal-Hizmetler-Risk-Yonetimi.jpeg,,Finansal Hizmetler Risk Yönetimi,445,268,781589f96e381187bc1eb54b983590d48bc8cd9482373053127d196837d15b1e
full188,77,1,474,full188-p077-img01-Hizmet-Verilen-Baslica-Alanlar.jpeg,,Hizmet Verilen Başlıca Alanlar:,718,523,f176f0ebaae7a5efceb2ec5bb8ea74d487c9b7475bb8fe0d439f0673e577d1c6
full188,78,1,441,,full188-p066-img01-Satin-Alma-ve-Birlesme-Hizmetleri.jpeg,Aktüer ya Hizmetleri,450,331,
full188,79,1,478,full188-p079-img01-Hizmet-Verilen-Baslica-Alanlar.jpeg,,Hizmet Verilen Başlıca Alanlar:,472,303,558ecf6195e8e28e46f9374868ca9c5da304c20cf32e4a775a4eabf1b2659b20
full188,80,1,481,full188-p080-img01-Satin-alma-Danismanlik-ve-Destek.jpeg,,Satın alma Danışmanlık ve Destek,616,348,2d0a229bd8408971677aea1fd23a1dd5bf01ca5a359eb29735b06efbe6a9cb33
full188,81,1,484,full188-p081-img01-Vergi-Danismanlik-Hizmetleri.jpeg,,Vergi Danışmanlık Hizmetleri,513,393,9cd73ca7afcee660a25a39f6f38d6f49d9f6826a2d9665c7dc2e51ff599cd582
full188,82,1,488,full188-p082-img01-Stratejik-Vergi-Planlamasi-Danismanlik.jpeg,,Stratejik Vergi Planlaması Danışmanlık,620,412,f9c4f23c56bc78a9c559de47a5c6650b1140423bc1cd0ea049ce19e68514f03a
full188,83,1,491,full188-p083-img01-Operasyon-el-Vergi-Planlama-Hizmetleri.jpeg,,Operasyon el Vergi Planlama Hizmetleri,840,630,907593c3fabc8c40be3be058731611b259c33bfd8e8046ac9685ec2ccd287bc2
full188,84,1,494,full188-p084-img01-Dolayli-Vergi-Danismanlik-Hizmetleri.jpeg,,Dolaylı Vergi Danışmanlık Hizmetleri,557,517,3f16ccebb265a6fb73c51e74bd5742ac82bf437b34eaacc648c1275bbefbd48c
full188,85,1,497,full188-p085-img01-Uluslararasi-Vergi-Danismanlik-Hizmetleri.jpeg,,Uluslararası Vergi Danışmanlık Hizmetleri,561,420,443027381dc8cd3cdc1efe72dc1bff27031af4c266a8754438b549ccc0517ce0
full188,86,1,500,full188-p086-img01-kapsaminda-dunyanin-en-buyuk-cokuluslu-firmalari-i.jpeg,,kapsamında  dünyanın  en  büyük  çokuluslu  firmaları  ile  Avrupa’nın  önde  gelen,681,190,8fb30779494b806cf3832b0d0895606b8e539d0ae27ed69ef5b0864461f7b7e3
full188,87,1,503,full188-p087-img01-Transfer-Fiyatlandirmasi-Danismanlik.jpeg,,Transfer Fiyatlandırması Danışmanlık,838,523,99c3b21a857927cc80bb17af40e332d9c266b30c6126b631fd6c35da827ffb85
full188,88,1,304,,full188-p022-img01-Duzgun-bir-gecis.jpeg,Bu  husus  ise  ancak  ilgili  konularda  gösterim  ve  tecrübe  sahibi  uzmanların,489,186,
full188,89,1,444,,full188-p067-img01-Islem-tecrubesi-Projenin-ilk-dusunce-asamasindan-p.jpeg,Vergi Uyuşmazlığı Danışmanlık Hizmetleri,620,413,
full188,90,1,398,,full188-p052-img01-Musteri-Performans-Yonetimi.jpeg,Bireysel Vergi Danışmanlık Hizmetleri,552,435,
full188,91,1,509,full188-p091-img01-Vergi-Denetimi-Danismanligi-ve-Tasdik.jpeg,,Vergi Denetimi Danışmanlığı ve Tasdik,473,285,2d8646824e9f5e7ec186233b0dadfa62cab7e794e7fef687bbd0f0d061f07c8f
full188,92,1,512,full188-p092-img01-Mali-Muhasebe-Hizmetleri.jpeg,,Mali Muhasebe Hizmetleri,620,402,65aa13e3ae0182d6d78213f307ec10c592b0c9dcf4014b5cb902497d5ba8359b
full188,93,1,515,full188-p093-img01-Muhasebe-Destegi-ve-Danismanligi.jpeg,,Muhasebe Desteği ve Danışmanlığı,475,777,2ed3bc2eddb1c3d4f00349e63c677b162786aa32fe64e94f0d103efef125becd
full188,94,1,518,full188-p094-img01-Kurumsal-Finansman-Danismanlik.jpeg,,Kurumsal Finansman Danışmanlık,953,367,29fc69a34731252c4a6277100e76edb4af182638e0781c785d8c46bdeaca80a3
full188,95,1,521,full188-p095-img01-Kurumsal-Finansman-Destek-Hizmetleri.jpeg,,Kurumsal Finansman Destek Hizmetleri,920,176,2da4e4d833907e64b06a9387e63f5c43e3025e8d1860ff8208c51f1d87f9e48c
full188,96,1,524,full188-p096-img01-Teknoloji-ve-Bilgi-Guvenligi-Risk-Hizmetleri.jpeg,,Teknoloji ve Bilgi Güvenliği Risk Hizmetleri,300,360,1d51f5bbabaa87ce26c31e7d2aedb6c7ceeba95479de1dc3540a722a8a9797ee
full188,97,1,527,full188-p097-img01-Bilgi-Teknolojileri-BT-Etkinligi-Hizmetleri.jpeg,,Bilgi Teknolojileri (BT) Etkinliği Hizmetleri,483,350,860673a518ebbbc20765bb8e35576a043ac4a10a610bdbff3760843d34ce8039
full188,100,1,532,full188-p100-img01-Finansal-Risk-Yonetimi.jpeg,,Finansal Risk Yönetimi,466,341,a4f63e7de540f8db39b0174afebd6a10fd1732ecb53b7a91f9c064316b82e01a
full188,101,1,535,full188-p101-img01-BDDK-Bankacilik-Duzenleme-ve-Denetleme-Kurumu-duze.jpeg,,"BDDK-  (Bankacılık  Düzenleme  ve  Denetleme  Kurumu), düzenli  olarak  yaptığı",750,335,2e0437915ad7d9670446190c9257acd61f633aa59d453ce5a8645e778f910e97
full188,102,1,539,full188-p102-img01-Danismanlik-Hizmetleri.jpeg,,Danışmanlık Hizmetleri,508,367,5f35b8df88f9c3fce8324496c25d26f91328e6fae181a7e7baad9c6fca68602d
full188,103,1,542,full188-p103-img01-Kurumsal-Performans-Iyilestirme.jpeg,,Kurumsal Performans İyileştirme,298,324,05a01f7d1f25edb65dc422d3d69e6d145ada83cf3473ef31943d94da5ce1a28c
full188,104,1,545,full188-p104-img01-page.jpeg,,,484,519,eee65bc5dac900d4952de0920257cb7bf5509f4dad92fc1d2fde615670fa305c
full188,105,1,548,full188-p105-img01-Kurumsal-Performansin-Iyilestirmesinde-odaklanilac.jpeg,,Kurumsal Performansın İyileştirmesinde odaklanılacak alanlar:,587,175,62a90344a68656244d2eb51ba4700b64aae0514c9f71271a98d441a784749d7f
full188,106,1,355,,full188-p038-img01-Yeniden-Yapilandirma.jpeg,Mali İşler Etkinliği,440,323,
full188,107,1,478,,full188-p079-img01-Hizmet-Verilen-Baslica-Alanlar.jpeg,"Farklı  birçok  sektördeki  müşterilerimizle  edindiğimiz  tecrübelerimize  dayanarak,",472,303,
full188,108,1,553,full188-p108-img01-Isinizin-bir-parcasi-olarak.jpeg,,İşinizin bir parçası olarak,462,300,f0df7ab40033485f268e870fa6801b8519be9b090ed89e63ea7524566eec4d27
full188,109,1,556,full188-p109-img01-ve-BT-Bilgi-Teknolojileri-performansini-nasil-yont.jpeg,,ve BT- Bilgi Teknolojileri performansını nasıl yöntemleri ve derin sektör bilgimizi,368,307,43bf07a941e1512f222b2237015d60eb85bd8dee9c09c5c1b69df3444c34d7da
full188,110,1,559,full188-p110-img01-Kurumsal-Yonetim-Risk-ve-Raporlama.jpeg,,"Kurumsal Yönetim, Risk ve Raporlama",762,403,5f0d2eeb8b7be3be5ddb01295b9e103727a5c7e1b7ca32b74d24ab93cbbe6205
full188,111,1,562,full188-p111-img01-page.jpeg,,,320,324,64c80572197d9689a2f1f1281fec17d68c67f2c48ccad5c5c25806bc45d9fa6e
full188,113,1,566,full188-p113-img01-Danismanlik-Hizmetlerinin-Kurumsal-Yonetim-Risk-ve.jpeg,,"Danışmanlık  Hizmetlerinin  Kurumsal  Yönetim,  Risk  ve  Raporlama",747,483,da81d3495b353c2a7d3694a06eb13c182568fe3e7d8d8c7d9f560ca3d558587e
full188,114,1,569,full188-p114-img01-Operasyon-Etkinligi.jpeg,,Operasyon Etkinliği,486,364,de9fce25fd8d7d5ebc87b2a4da9a2038099c9f28cbd3a75ce7622ae0c724e248
full188,116,1,573,full188-p116-img01-Asagidaki-durumlar-sizin-icinde-gecerli-mi.jpeg,,Aşağıdaki durumlar sizin içinde geçerli mi?,400,300,3e524727a5d18174028a8fc881d1811c25592f0f6c9c1a34aad742cc8b61799f
full188,117,1,576,full188-p117-img01-Musterilerimize-operasyon-etkinligi-ve-verimliligi.jpeg,,"Müşterilerimize, operasyon etkinliği ve verimliliği süreç iyileştirme, kurum çapında",647,484,232649e26bab476500fb7e161b6aea4d76a36d69d1a3c792f8da43a4a2ff1b70
full188,118,1,579,full188-p118-img01-Kurumsal-Finansman-Hizmetleri.jpeg,,Kurumsal Finansman Hizmetleri,755,583,cdf46d1f3faf826ab880d9e1597f91d8c1851f2cc8b3f0326e0d0ef6b433caf6
full188,119,1,582,full188-p119-img01-Sirket-Birlesmeleri-ve-Satin-Almalar.jpeg,,Şirket Birleşmeleri ve Satın Almalar,480,370,5de07546bcf7fb13bace29e355ab29a99e52d969ed3ab9b3e4c7fd39072ec001
full188,120,1,585,full188-p120-img01-Sirket-Degerlemeleri.jpeg,,Şirket Değerlemeleri,445,295,17bf7833205c596b90044f8fb80292a96c2c57b0eb0590f34a325c5ddf859ad9
full188,121,1,588,full188-p121-img01-Halka-Arz-Danismanligi.jpeg,,Halka Arz Danışmanlığı,484,375,bed1e865cf726f70f4f3e1e582fcea1745818c6e8b1a0d3f6aa6042d1f113295
full188,122,1,594,full188-p122-img01-Satis-Danismanligi.jpeg,,Satış Danışmanlığı,704,949,6dd183d23760d37b9159621d4185148bac0995e25b52b2ce77971f1a9f2e5657
full188,123,1,398,,full188-p052-img01-Musteri-Performans-Yonetimi.jpeg,Finansal Yapılandırma ve Kriz Yönetimi,552,435,
full188,124,1,416,,full188-p058-img01-Proje-Finansmani.jpeg,Ticarî Anlaşmazlık Çözümleri ve Suiistimal,620,413,
full188,125,1,599,full188-p125-img01-Suiistimalin-Onlenmesi.jpeg,,Suiistimalin Önlenmesi:,580,146,9118618491edf177cb8347abd2d21034725939b8a092ad5729db1ba32cdcfcd7
full188,126,1,602,full188-p126-img01-Kara-para-aklanmasi-ile-ilgili-hizmetlerimiz.jpeg,,Kara para aklanması ile ilgili hizmetlerimiz:,470,353,b654f48aafc2046b676f02897f956e9dfb986eddf23f34697d086ad59d694b4e
full188,127,1,605,full188-p127-img01-Yeniden-Yapilandirma-Hizmetleri.jpeg,,Yeniden Yapılandırma Hizmetleri,620,264,39150f08e8d84efc6efd1d6954aa3ac3c5a08768b480be531a5258bcab3d6379
full188,128,1,608,full188-p128-img01-Alacak-yonetimi-ve-alacak-satisi.jpeg,,Alacak yönetimi ve alacak satışı:,463,370,332220751280b8864491c094307a5a678ca5b02230c74b9a64c84dd69b94359d
full188,129,1,611,full188-p129-img01-Gumruk-ve-Dis-Ticaret-Hizmetleri.jpeg,,Gümrük ve Dış Ticaret Hizmetleri,938,371,17b8ba740f7252fbb5a4caccd223cc087c4af941b6783ed07abafceed1b8e802
full188,130,1,614,full188-p130-img01-Ozellikle-son-yillarda-yapilan-degisikliklerle-gum.jpeg,,"Özellikle  son  yıllarda  yapılan  değişikliklerle,  gümrükle  ilgili  olarak  işletmelerin",551,346,293620800be40b5721f753fd961b8d49850f3445ceca0b007715fdce3fb248e8
full188,131,1,617,full188-p131-img01-C-Ekonomik-Etkili-Gumruk-Rejimleri-Konusu-Esyaya-I.jpeg,,C. Ekonomik Etkili Gümrük Rejimleri Konusu Eşyaya İlişkin Tespit,683,236,fe23c880cfbb44924678f5d25e1e31f31d4bf3de7b62bca084b93b6c4d4aac4e
full188,132,1,620,full188-p132-img01-b-Firmaya-ve-diger-firmayla-iliskilerine-yonelik-h.jpeg,,b) Firmaya ve diğer firmayla ilişkilerine yönelik hizmetler,460,330,1830d0df97a9875f356b1921d7fe55ec43c39d0bfe4b5a79c8e2c4ae6e30a804
full188,133,1,623,full188-p133-img01-Calisanlara-genis-imk-nlar.jpeg,,Çalışanlara geniş imkânlar,341,343,6dd1fb5d2d47a47671c4cc33282b31d2d720a775f7a282f10bfecc53f820cfbb
full188,134,1,626,full188-p134-img01-Esnek-calisma-ortamini-asagidaki-noktalari-dikkate.jpeg,,Esnek çalışma ortamını aşağıdaki noktaları dikkate alarak,946,334,8ae403f5e8180f7aab1d064fd61ccd226273d4c3b27bf9446be1eeae6590c5ea
full188,135,1,629,full188-p135-img01-Sinirsiz-Firsatlar.jpeg,,Sınırsız Fırsatlar,347,445,02a44a01f6c491c1b8af607186506d4f01fbab44fa8b85e54daa4065b170aa63
full188,136,1,632,full188-p136-img01-Basarilarimiz-ve-Odullerimiz.jpeg,,Başarılarımız ve Ödüllerimiz,581,478,13063ec0814cf7a7e935cd4d56eae15d923de199387fe8ae03626e4c388be70f
full188,137,1,635,full188-p137-img01-Calisanlarin-Gelisimine-Katki.jpeg,,Çalışanların Gelişimine Katkı,448,546,29c644634df992d1d05537f62d720896fad37dd007d5415979022d71db99c25a
full188,138,1,638,full188-p138-img01-Ogrenme-Istegi.jpeg,,Öğrenme İsteği,568,548,d49d58ce45c7512276f3fdef1baa3db5f1ca541c07fbb98d5411de3314480660
full188,139,1,641,full188-p139-img01-Genis-Deneyim-Firsatlari.jpeg,,Geniş Deneyim Fırsatları,320,240,d6c405429d28900953d5d2753216fe48e9bb5aef2f001c23b4927b3f591e46e3
full188,140,1,644,full188-p140-img01-Egitim-Programlari.jpeg,,Eğitim Programları,582,488,afa3962cf4f072639b058a548a44320a2feb1a0672d2ee6a2cd1a379d21e29eb
full188,141,1,647,full188-p141-img01-Birlikte-Calisalim.jpeg,,Birlikte Çalışalım,942,389,15d019d86969e05e3c7875aa41cfed723e5511fb9a2672b9f1ae47a15ef801d8
full188,142,1,654,full188-p142-img01-SIRKETI-NDE-Calismak.jpeg,,ŞİRKETİ’NDE Çalışmak!,641,400,75e83ec958c8888cf8608e7e71912736c20c377d7614d4cfc2b4526f5c3a66e3
full188,143,1,657,full188-p143-img01-Basarma-Istegi-Hedefe-Odaklanma-Gayret.jpeg,,Başarma İsteği-Hedefe-Odaklanma Gayret,200,135,9c72254975db1f89c3997df2f4d089c0389125514fb1d00c5692f7acf338314e
full188,144,1,660,full188-p144-img01-Karsilikli-Tanisma-Firsati.jpeg,,Karşılıklı Tanışma Fırsatı,225,69,21f2b7d5c1a419bc897536fb5751cf0661c9222d455ac8ec1ae6152ac0d1f616
full188,145,1,663,full188-p145-img01-Sirket-Tanitimlari-Sunumlar.jpeg,,Şirket Tanıtımları / Sunumlar,820,532,f1d674adcd7a765bb7a22cb643c9a98091bcd526d8beb8af381965e7e90c029b
full188,146,1,666,full188-p146-img01-Once-Insan-People-First.jpeg,,Önce İnsan (People First),479,324,b86b27e31ba6ee15c18e00a106f0e6a0c7dffeba019485e7865b11f6b6033164
full188,147,1,669,full188-p147-img01-Kalite-Insan-ve-Buyume.jpeg,,"Kalite, İnsan ve Büyüme",300,400,afb2de5776d2e1c86612691514ae08bdf049c610794b827fd47d7ee50cdf4516
full188,148,1,672,full188-p148-img01-Iyi-Hazirlanma-ve-Basari.jpeg,,İyi Hazırlanma ve Başarı,409,457,e395b6e33309dec9c6758fe16a46b4c6c114efea65d5b0de849172e052819402
full188,149,1,676,full188-p149-img01-DANISMANLIK-LIMITED-SIRKETINE-katilmayi-arzu-edenl.jpeg,,DANIŞMANLIK LİMİTED ŞİRKETİNE  katılmayı arzu edenlerin istedikleri konuda,433,399,0c7ad7f766d3ee767fa02edeec35f7f466677cf779244cd8339fb0a9b6d9394f
full188,150,1,679,full188-p150-img01-KDV-Cozumleri-ve-KDV-Iadeleri.jpeg,,KDV Çözümleri ve KDV İadeleri,597,505,6a8e50e586eb71dc16c665498971edd73223ce787726881e5bdcb8b9e309582c
full188,151,1,684,full188-p151-img01-Mali-Hukuk-Hizmetleri.jpeg,,Mali Hukuk Hizmetleri,602,491,278fc1e8221d578557b4cbcdadf6ccedf319b522ced7392b07626249895c31d9
full188,152,1,687,full188-p152-img01-Vergi-ve-Mali-Hukuk-Hizmetleri.jpeg,,Vergi ve Mali Hukuk Hizmetleri,728,455,f5ebe5fcb914a58a4afef72682048145a346e5dc3669f9dc6d7bf1c99b9826b4
full188,153,1,690,full188-p153-img01-Tam-Tasdik-ve-YMM-Hizmetleri.jpeg,,Tam Tasdik ve YMM Hizmetleri,702,554,fd444dfdaa685570eb8438e37a4a761d9a6eb937723bf72e4a82323f6af18e02
full188,154,1,693,full188-p154-img01-Egitim-Hizmetleri.jpeg,,Eğitim Hizmetleri,750,560,f3ca47f2b79590128c46a21763de2e9f5652dfda734aa70e728ad3b544998f03
full188,155,1,699,full188-p155-img01-Muhasebe-ve-Mali-Isler-Yonetim-Hizmetleri.jpeg,,Muhasebe ve Mali İşler Yönetim Hizmetleri,693,523,f9c30f849633b6682a7cadd84f1cb96ec1bf81a9e66554807a2045acd31dcf35
full188,156,1,706,full188-p156-img01-Kurumlar-ve-Gelir-Vergisi-hizmetleri.jpeg,,Kurumlar ve Gelir Vergisi hizmetleri,308,177,102add50f920b8651bf647261ba3e53b6ffd13423c1707fadf57d2b2d08e7be1
full188,157,1,709,full188-p157-img01-Diger-Sirket-Islemleri.jpeg,,Diğer Şirket İşlemleri,705,395,4904db3e39671d3e69ad97adc2be3bf4dfbe1aade9cc9a3820fd377400566255
full188,158,1,712,full188-p158-img01-Kurumsal-Performans-Iyilestirme.jpeg,,Kurumsal Performans İyileştirme,711,592,6d542934d044c76509949961a16543c8f55d8b6955699cd8ccd8939f7385ac3b
full188,159,1,715,full188-p159-img01-Guncel-piyasa-sorunlari.jpeg,,Güncel piyasa sorunları,668,304,9c208f0832ea8854af57e07a0c30ec6711d83ba11fe17421e8b7920c32235339
full188,160,1,718,full188-p160-img01-Kurumsal-Performansin-Iyilestirmesinde-odaklanilac.jpeg,,Kurumsal Performansın İyileştirmesinde odaklanılacak alanlar,577,390,ab6e3401e8773680b821dac6d67a60200234b10e9df3f0d8740f3566aea07e5e
full188,161,1,721,full188-p161-img01-Operasyon-Etkinligi.jpeg,,Operasyon Etkinliği,516,191,96698adc86c089db372124912a1a247d15c764bb1c25576f76c2bda077f3e420
full188,162,1,725,full188-p162-img01-Mali-Isler-Etkinligi.jpeg,,Mali İşler Etkinliği,599,397,25d528575c2b50e4e07c60e3cf051bcbcf474430ccd6e082a4faa34662486771
full188,163,1,728,full188-p163-img01-Asagidaki-durumlar-sizin-icin-de-gecerli-mi.jpeg,,Aşağıdaki durumlar sizin için de geçerli mi?,315,128,9fdfcdbf5a370ade301c526dff51d1c31f9bde94527a0d4d31eec58e03d8d415
full188,164,1,731,full188-p164-img01-Is-hedeflerinize-yonelik-mali-isler-etkinligindeki.jpeg,,İş hedeflerinize yönelik mali işler etkinliğindeki beceriler şunları kapsar:,884,370,921ec4fc62a8773c6819e82131194521f4cec6a7c48e1a46dd76d49c53df4ff5
full188,165,1,734,full188-p165-img01-Sistem-ve-Surec-Denetimi-Hizmetleri.jpeg,,Sistem ve Süreç Denetimi Hizmetleri,129,173,f698e57bb28883b07b7938c79baa0486aa4c55427933c3cfd7e680850b46c730
full188,166,1,737,full188-p166-img01-Bankacilik-Sektorune-ve-Sermaye.jpeg,,Bankacılık Sektörüne ve Sermaye,170,229,d8f12a41054f3a3ee9718121d514e7e16591d7e6a4a57ca305897438ee1fb6fe
full188,167,1,740,full188-p167-img01-sekilde-yapilanmis-olup-tum-dunyada-finansal-sekto.jpeg,,"şekilde yapılanmış olup, tüm dünyada finansal sektöre yönelik oldukça geniş bir",695,477,ddbe48ae879a826b8d4aa9072b426420ed4c9ea028e7f78f707f04e3c7a4fe01
full188,168,1,743,full188-p168-img01-Yatirim-Yonetimi-Sektorune-Yonelik.jpeg,,Yatırım Yönetimi Sektörüne Yönelik,945,458,133927fbb4927f6f2424c83624c2e7e2850fdfe589333a2332aaf482dd731082
full188,169,1,746,full188-p169-img01-Sigorta-Sektoru-ve-Bireysel-Emeklilik-Sistemi.jpeg,,Sigorta Sektörü ve Bireysel Emeklilik Sistemi,662,244,dd62a2f7038ff29d484d69304ebd963763cff840a1222a40c20731bb3d2feb30
full188,170,1,749,full188-p170-img01-ekibiyle-sigorta-sirketlerine-7397-sayili-Sigorta-.jpeg,,ekibiyle sigorta şirketlerine 7397 sayılı Sigorta Murakabe Kanunu uyarınca bağımsız,392,545,28d2294346b0e2953d370fd942f0c8f9272fb663b9500f4c781102c556f89040
full188,171,1,752,full188-p171-img01-Gayrimenkul-Sektorune-Yonelik.jpeg,,Gayrimenkul Sektörüne Yönelik,181,243,3f26ff6b18f75e5342dda75fc0056c0104ae9b8331fc066b7e2019301d731553
full188,172,1,755,full188-p172-img01-Otomotiv-Sektorune-Yonelik-Hizmetlerimiz.jpeg,,Otomotiv Sektörüne Yönelik Hizmetlerimiz,688,387,43c4eeb1748b54b76495aa83594fe3089b021fb70eeafbf0d3476141690c3264
full188,173,1,758,full188-p173-img01-onemli-problemlere-dogru-cevaplari-verebilmenize-o.jpeg,,önemli problemlere doğru cevapları verebilmenize olanak sağlıyoruz.,445,531,6c6e374f6a81ca6915de9a75d048b223a3aef8c330834130531eb5ff78c81faf
full188,174,1,761,full188-p174-img01-Telekomunikasyon-Sektorune-Yonelik.jpeg,,Telekomünikasyon Sektörüne Yönelik,678,248,39910c0e640f3ae65d1b883cab7ea98f8bd2908c1f9c78297548ee4711d7f4f9
full188,175,1,758,,full188-p173-img01-onemli-problemlere-dogru-cevaplari-verebilmenize-o.jpeg,birikimi  gerek  denetim  hizmetleri  gerek  vergi  ve  danışmanlık  hizmetleri  yoluyla,445,531,
full188,176,1,765,full188-p176-img01-Enerji-Sektorune-Yonelik-Hizmetlerimiz.jpeg,,Enerji Sektörüne Yönelik Hizmetlerimiz,772,482,8ad25b706848519e6b3cc6409533944532664ac4e651edacb854562b60d2f785
full188,177,1,768,full188-p177-img01-Bu-kapsamda-oncelikle-elektrik-dagitim-bolgelerini.jpeg,,"Bu kapsamda, öncelikle elektrik dağıtım bölgelerinin, ardından üretim santrallerinin",446,373,849fbd866896c2fc5ccf0e61cd616792e679f7a69816fcae0f0273c1d2fe1cfd
full188,178,1,771,full188-p178-img01-Perakende-ve-Tuketiciye-Yonelik-Urunler.jpeg,,Perakende ve Tüketiciye Yönelik Ürünler,394,245,110b1c0945bf8f4450f42ede2672bc1f62448139783501f72bbf18c296513ede
full188,179,1,774,full188-p179-img01-Saglik-Sektorune-Yonelik-Hizmetlerimiz.jpeg,,Sağlık Sektörüne Yönelik Hizmetlerimiz,732,415,6bb4540289f7f65d3d6adb711ceaad6f4ebe57219fb4681c76197c37090cce22
full188,180,1,777,full188-p180-img01-Onde-gelen-saglik-hizmeti-saglayicilari-ve-saglik-.jpeg,,"Önde  gelen  sağlık  hizmeti  sağlayıcıları  ve  sağlık  sektörü  kuruluşları,  kendilerini",561,529,d243ea0818ecbb95cc57b0c2f41e3013cd596d2a9f7fd19f4c154ee2d4b8e475
full188,181,1,780,full188-p181-img01-Kamu-Sektorune-Yonelik-Hizmetlerimiz.jpeg,,Kamu Sektörüne Yönelik Hizmetlerimiz,623,425,6653cc3a9acb07e0cc91e0f1091f2ed611fd04401a1eb7540bf345effa07ef87
full188,182,1,709,,full188-p157-img01-Diger-Sirket-Islemleri.jpeg,Teknoloji Sektörüne Yönelik Hizmetlerimiz,705,395,
full188,183,1,785,full188-p183-img01-Telekomunikasyon-Sektorune-Yonelik.jpeg,,Telekomünikasyon Sektörüne Yönelik,743,555,2880d89ac9e567cfaffb927209a785ae10fd48631930bc67e16b2582d1bad595
full188,184,1,788,full188-p184-img01-bilgi-ve-birikimi-gerek-denetim-hizmetleri-gerek-V.jpeg,,bilgi ve birikimi gerek denetim hizmetleri gerek Vergi ve Danışmanlık Hizmetleri,410,436,6b3f4d80ee7e8827319f2bc95cbec9bc138a86c1d23cd9f48dc70f238e2d0635
full188,185,1,791,full188-p185-img01-Eglence-ve-Medya-Sektorune-Yonelik.jpeg,,Eğlence ve Medya Sektörüne Yönelik,512,205,d457cfffbe598a38d73db9813ef71aceedd547805e0f3db719a0d63bc57a3223
full188,187,1,795,full188-p187-img01-Uluslararasi-Finansal-Raporlama-Standartlari.jpeg,,Uluslararası Finansal Raporlama Standartları,767,376,deee7ed35aaba9bfa67ba37c150a9a4c41390e640de13d7c6da101b4050fa933
full188,188,1,798,full188-p188-img01-olarak-hazirlanmis-Mali-Tablolarin-denetimi-konusu.jpeg,,olarak hazırlanmış Mali Tabloların denetimi konusunda yıllardır süregelen tecrübemiz,776,497,dc0e5524887933460993e566af51c9ff6e081420a6ac35c3649a92781b623a17
subset50,1,1,5,subset50-p001-img01-Tedarik-Zinciri-Yonetimi.jpeg,,Tedarik Zinciri Yönetimi,620,414,de188c0ae77c4e373d68de2be6651dcb2c573ff74cee0d7690b92e46d1b88ad8
subset50,2,1,15,subset50-p002-img01-Musteri-Performans-Yonetimi.jpeg,,Müşteri Performans Yönetimi,620,465,99d264cb2f0f4d1ab6710facbd18ebbadcbcaa64bd4d68410b5d6008c77769a6
subset50,3,1,21,subset50-p003-img01-Tahsil-Edilemeyen-Kredi-Alacaklarinda.jpeg,,Tahsil Edilemeyen Kredi Alacaklarında,1288,966,4c64d416642b72ce1b143b9b2b3450a814512ee207c78e1ca7ebd51e2b7ca870
subset50,4,1,25,subset50-p004-img01-Islem-Sonrasi-Cozumler.jpeg,,İşlem-Sonrası Çözümler,620,465,d299650a04bb38f91b2c380717a09a2da0a826aaa18b187989680d145e1b7926
subset50,5,1,29,subset50-p005-img01-Satin-Alma-ve-Birlesme-Hizmetleri.jpeg,,Satın Alma ve Birleşme Hizmetleri,620,465,f13a3fe60fa9cb44c262e2cf3b44e4d56d2daa79fbbae0709f78efed02c9de4c
subset50,6,1,33,subset50-p006-img01-Islem-Tecrubesi-Projenin-ilk-dusunce-asamasindan-p.jpeg,,İşlem Tecrübesi – Projenin ilk düşünce aşamasından proje bitimine /,620,413,2838d1d917726215e340b2960537476fb02ccb203dda6f07b448bb0f946232a0
subset50,7,1,37,subset50-p007-img01-Degerleme-ve-Modelleme-Hizmetleri.jpeg,,Değerleme ve Modelleme Hizmetleri,620,261,eaf9339c5785d6e4f6af6cad6b3ef9158b9aff9e3b309ca68a76596118b37a0c
subset50,8,1,41,subset50-p008-img01-Proje-Finansmani.jpeg,,Proje Finansmanı,620,413,20381b5e7cdef49bbf82aef8a6f2762d3adfd9c6ab1c006a43ba9bbfa080f205
subset50,9,1,46,subset50-p009-img01-Gayrimenkul.jpeg,,Gayrimenkul,620,413,89762d9696de051eb8e3b5ec7b4ad1002c2088c58e807a09c73b12cb1205573d
subset50,10,1,50,subset50-p010-img01-Alici-Sirketlere-Satin-Alma-Oncesi-Durum-Tespiti.jpeg,,Alıcı Şirketlere: Satın Alma Öncesi Durum Tespiti,1031,773,aa60ce6baefb8ec3a64d580a73b7d62b5ff49245346a8e9146c53998ced37845
subset50,11,1,54,subset50-p011-img01-Satilacak-Sirketlere-Danismanlik-Hizmetleri.jpeg,,Satılacak Şirketlere Danışmanlık Hizmetleri,916,772,53448bf38755f847c70db4ab3469387a8b92576cc555daebf5837c6363b7a111
subset50,12,1,58,subset50-p012-img01-Satilacak-Sirkette-Durum-Tespiti-Calismasi.jpeg,,Satılacak Şirkette Durum Tespiti Çalışması:,1027,562,2249b88377e249c3f6c2d267dcb8ed84cab5836b177cd90b4ead645a1cdce0b1
subset50,13,1,62,subset50-p013-img01-Deger-Yaratmak-Satilacak-Sirkette-Durum-Tespiti-ca.jpeg,,Değer Yaratmak: 'Satılacak Şirkette Durum Tespiti' çalışması satılan firmayı işlem,711,321,9b227495f7a97b0acd63ac41b3c334012226c4d10cbfcd259f061f1726172972
subset50,14,1,66,subset50-p014-img01-Tahsil-Edilemeyen-Kredi-Alacaklarinda.jpeg,,Tahsil Edilemeyen Kredi Alacaklarında,620,465,c8a03d2aca58f9766af3e7bc0f0947fa78668fc97877ab0114d77a866ab0f074
subset50,15,1,70,subset50-p015-img01-Islem-Sonrasi-Cozumler.jpeg,,İşlem-Sonrası Çözümler,620,415,e00204c889ed7224c99e1d0debe18ab1ecc2bb8f02204903443c33242db5cdde
subset50,16,1,74,subset50-p016-img01-Satin-Alma-ve-Birlesme-Hizmetleri.jpeg,,Satın Alma ve Birleşme Hizmetleri,450,331,d03bca25c7ae9c901b9ae43ae7bf407d42c38a3a71ff0cf199a382f8f6567849
subset50,17,1,79,subset50-p017-img01-Islem-tecrubesi-Projenin-ilk-dusunce-asamasindan-p.jpeg,,İşlem tecrübesi – Projenin ilk düşünce aşamasından proje bitimine /,620,413,fec4e8f16441d4c07366a3fb722b422ddb073a695f0f29cb374a9cef794de320
subset50,18,1,83,subset50-p018-img01-Degerleme-ve-Modelleme-Hizmetleri.jpeg,,Değerleme ve Modelleme Hizmetleri,558,357,8729c01aa8badb5f093de1d13531a23df0fbfcd7d26507a79dec47d8434e408c
subset50,19,1,89,subset50-p019-img01-Proje-Finansmani.jpeg,,Proje Finansmanı,620,349,6f963574dc534a67eaae4849696ae41d7c271f64f67cb99850413487fb6ea543
subset50,26,1,120,subset50-p026-img01-Finansal-Hizmetler-Risk-Yonetimi.jpeg,,Finansal Hizmetler Risk Yönetimi,889,537,e9de6b724c4a5d0101ccc22443aafdd663faa1c5b35803efa03ef2c642e5cf85
subset50,27,1,124,subset50-p027-img01-Hizmet-Verilen-Baslica-Alanlar.jpeg,,Hizmet Verilen Başlıca Alanlar:,1160,846,87f22509d19cba54fb411ad324e2fa026fc8fae011ee9919a8c4210f9ea742ef
subset50,28,1,74,,subset50-p016-img01-Satin-Alma-ve-Birlesme-Hizmetleri.jpeg,Aktüer ya Hizmetleri,450,331,
subset50,29,1,131,subset50-p029-img01-Hizmet-Verilen-Baslica-Alanlar.jpeg,,Hizmet Verilen Başlıca Alanlar:,472,308,60bbeee5e453dd96d325187230e085bd37218deae9a382e3244328e97cf68863
subset50,30,1,135,subset50-p030-img01-Satin-alma-Danismanlik-ve-Destek.jpeg,,Satın alma Danışmanlık ve Destek,1288,802,8b3624307222f311ae2574c7ab84300e15cc57fa82b86f9e0969d7e3d0d09f66
subset50,31,1,139,subset50-p031-img01-Vergi-Danismanlik-Hizmetleri.jpeg,,Vergi Danışmanlık Hizmetleri,1025,788,871fb543678f55b65bb68001a58541034723ddc201451bfa8b2fc693660d8376
subset50,32,1,143,subset50-p032-img01-Stratejik-Vergi-Planlamasi-Danismanlik.jpeg,,Stratejik Vergi Planlaması Danışmanlık,620,412,13afcc9b23993702564328397d275c900ebb400e944942dd8a681dc921c8f1f9
subset50,33,1,148,subset50-p033-img01-Operasyon-el-Vergi-Planlama-Hizmetleri.jpeg,,Operasyon el Vergi Planlama Hizmetleri,1288,966,bb2a4be6d55ae39d1a8e64fc2d65de5027f5e34f0ba071ed503d94e5c5833d5d
subset50,34,1,152,subset50-p034-img01-Dolayli-Vergi-Danismanlik-Hizmetleri.jpeg,,Dolaylı Vergi Danışmanlık Hizmetleri,854,793,07f326bb56871d2d134eaf54510ac8213caf9d613a0e2aee204a7a802f69994a
subset50,35,1,156,subset50-p035-img01-Uluslararasi-Vergi-Danismanlik-Hizmetleri.jpeg,,Uluslararası Vergi Danışmanlık Hizmetleri,1119,839,9269335ba0bd47b467023c75c34592a38d0e9f3ff5d49efcd421f10c56a97864
subset50,36,1,160,subset50-p036-img01-kapsaminda-dunyanin-en-buyuk-cokuluslu-firmalari-i.jpeg,,kapsamında  dünyanın  en  büyük  çokuluslu  firmaları  ile  Avrupa’nın  önde  gelen,1174,382,46e035da96d245d683c221b29b65a34a28630eb974477f39a2d9ef78a27de848
subset50,37,1,164,subset50-p037-img01-Transfer-Fiyatlandirmasi-Danismanlik.jpeg,,Transfer Fiyatlandırması Danışmanlık,1286,802,8ac7650090c7c5066d25ab232856fb0d3f321f44828bb96aa7109f271ec3aaca
subset50,38,1,168,subset50-p038-img01-Bu-husus-ise-ancak-ilgili-konularda-gosterim-ve-te.jpeg,,Bu  husus  ise  ancak  ilgili  konularda  gösterim  ve  tecrübe  sahibi  uzmanların,528,202,f39b0fb720f45f988a7aa350e2c28f76bb021526366d0467ee7bb33c5424dc1c
subset50,39,1,79,,subset50-p017-img01-Islem-tecrubesi-Projenin-ilk-dusunce-asamasindan-p.jpeg,Vergi Uyuşmazlığı Danışmanlık Hizmetleri,620,413,
subset50,40,1,15,,subset50-p002-img01-Musteri-Performans-Yonetimi.jpeg,Bireysel Vergi Danışmanlık Hizmetleri,620,465,
subset50,41,1,179,subset50-p041-img01-Vergi-Denetimi-Danismanligi-ve-Tasdik.jpeg,,Vergi Denetimi Danışmanlığı ve Tasdik,927,666,c9eebade0018baa76939508798e10c746d92634179ca03c76dded878da380d90
subset50,42,1,183,subset50-p042-img01-Mali-Muhasebe-Hizmetleri.jpeg,,Mali Muhasebe Hizmetleri,620,402,54499a10700bcf914334050a1197eb6bf9e2c980376d3a8304307f0108a624d6
subset50,43,1,187,subset50-p043-img01-Muhasebe-Destegi-ve-Danismanligi.jpeg,,Muhasebe Desteği ve Danışmanlığı,728,1192,88707c33f0dd0d56c0c842d809c488b385399198b264b432e551d5efc1969a20
subset50,44,1,191,subset50-p044-img01-Kurumsal-Finansman-Danismanlik.jpeg,,Kurumsal Finansman Danışmanlık,1812,698,72ab8e743c9c24a2d4c6cfc6eadf8c51ec3d6887505297dbd21acaa67dac6791
subset50,45,1,195,subset50-p045-img01-Kurumsal-Finansman-Destek-Hizmetleri.jpeg,,Kurumsal Finansman Destek Hizmetleri,920,191,d296b789dc7fabce8e3c4f2dc429119b995eb8378207ee7beb35a622b1af6b3f
subset50,46,1,199,subset50-p046-img01-Teknoloji-ve-Bilgi-Guvenligi-Risk-Hizmetleri.jpeg,,Teknoloji ve Bilgi Güvenliği Risk Hizmetleri,595,720,afd40d4c3afdec3dad499392336cb780fcbaa6cf023a442282d5580a7861879a
subset50,47,1,203,subset50-p047-img01-Bilgi-Teknolojileri-BT-Etkinligi-Hizmetleri.jpeg,,Bilgi Teknolojileri (BT) Etkinliği Hizmetleri,800,532,6b642437c677afd933b598a5b9ce52108cb9a357ac1603da2145758b2c006a89
subset50,50,1,214,subset50-p050-img01-Finansal-Risk-Yonetimi.jpeg,,Finansal Risk Yönetimi,800,536,02fac2142c7606eaf3684878432d4e2c38583399cabe7d7b0e6bd38f4099d71b
